{
  "micro_precision": 0.5303514376996805,
  "micro_recall": 0.4868035190615836,
  "micro_f1": 0.5076452599388379,
  "avg_latency_sec": 2.094605493545532,
  "precision_buckets": {
    "0-29": 34,
    "30-69": 27,
    "70-99": 9,
    "100": 20
  },
  "recall_buckets": {
    "0-29": 40,
    "30-69": 17,
    "70-99": 9,
    "100": 24
  }
}