{
  "micro_precision": 0.3553459119496855,
  "micro_recall": 0.35873015873015873,
  "micro_f1": 0.3570300157977883,
  "avg_latency_sec": 1.5797921517316034,
  "precision_buckets": {
    "0-29": 51,
    "30-69": 25,
    "70-99": 3,
    "100": 11
  },
  "recall_buckets": {
    "0-29": 56,
    "30-69": 19,
    "70-99": 4,
    "100": 11
  }
}