{
  "text_ids": [
    75,
    76,
    77,
    78,
    79
  ],
  "texts": [
    "T-2345678-ZT-2345678-ZG9876543XG9876543XF1234567N",
    "T-2345678-ZT-2345678-ZS1234567As-123-4567-as123-4567ag-9876543-x",
    "s-123-4567-as-123-4567-af1234567nM2345678YM2345678YF-1234567-NF-1234567-N",
    "G-987-6543-XG-987-6543-XF1234567NS1234567A",
    "f1234567nf1234567nt2345678Zt2345678ZT2345678z"
  ],
  "response": "{\"output\":\"Here is the output in JSON format:\\n\\n```\\n[\\n  {\\n    \\\"input\\\": \\\"T-2345678-ZT-2345678-ZG9876543XG9876543XF1234567N\\\",\\n    \\\"name\\\": [{\\\"name\\\": \\\"T-2345678-Z\\\",\\\"alias\\\": \\\"G9876543X\\\"}],\\n    \\\"name\\\": [{\\\"name\\\": \\\"T-2345678-Z\\\",\\\"alias\\\": \\\"F1234567N\\\"}]\\n  },\\n  {\\n    \\\"input\\\": \\\"T-2345678-ZT-2345678-ZS1234567As-123-4567-as123-4567ag-9876543-x\\\",\\n    \\\"name\\\": [{\\\"name\\\": \\\"T-2345678-Z\\\",\\\"alias\\\": \\\"S1234567A\\\"}],\\n    \\\"name\\\": [{\\\"name\\\": \\\"T-2345678-Z\\\",\\\"alias\\\": \\\"as123-4567a\\\"}],\\n    \\\"name\\\": [{\\\"name\\\": \\\"T-2345678-Z\\\",\\\"alias\\\": \\\"g-9876543-x\\\"}]\\n  },\\n  {\\n    \\\"input\\\": \\\"s-123-4567-as-123-4567-af1234567nM2345678YM2345678YF-1234567-NF-1234567-N\\\",\\n    \\\"name\\\": [{\\\"name\\\": \\\"s-123-4567-a\\\",\\\"alias\\\": \\\"f1234567n\\\"}],\\n    \\\"name\\\": [{\\\"name\\\": \\\"M2345678Y\\\",\\\"alias\\\": \\\"YM2345678Y\\\"}],\\n    \\\"name\\\": [{\\\"name\\\": \\\"F-1234567-N\\\",\\\"alias\\\": \\\"NF-1234567-N\\\"}]\\n  },\\n  {\\n    \\\"input\\\": \\\"G-987-6543-XG-987-6543-XF1234567NS1234567A\\\",\\n    \\\"name\\\": [{\\\"name\\\": \\\"G-987-6543-X\\\",\\\"alias\\\": \\\"F1234567N\\\"}],\\n    \\\"name\\\": [{\\\"name\\\": \\\"S1234567A\\\",\\\"alias\\\": \\\"G-987-6543-X\\\"}]\\n  },\\n  {\\n    \\\"input\\\": \\\"f1234567nf1234567nt2345678Zt2345678ZT2345678z\\\",\\n    \\\"name\\\": [{\\\"name\\\": \\\"f1234567n\\\",\\\"alias\\\": \\\"t2345678Z\\\"}],\\n    \\\"name\\\": [{\\\"name\\\": \\\"t2345678Z\\\",\\\"alias\\\": \\\"T2345678z\\\"}]\\n  }\\n]\\n```\"}",
  "latency": 7.309735059738159,
  "timestamp": 1752043126.84147
}