{
  "micro_precision": 0.6177606177606177,
  "micro_recall": 0.46920821114369504,
  "micro_f1": 0.5333333333333333,
  "avg_latency_sec": 1.1918167422799504,
  "precision_buckets": {
    "0-29": 34,
    "30-69": 18,
    "70-99": 9,
    "100": 29
  },
  "recall_buckets": {
    "0-29": 39,
    "30-69": 20,
    "70-99": 9,
    "100": 22
  }
}