{
  "micro_precision": 0.35,
  "micro_recall": 0.24444444444444444,
  "micro_f1": 0.28785046728971964,
  "avg_latency_sec": 3.391375780105591,
  "precision_buckets": {
    "0-29": 62,
    "30-69": 19,
    "70-99": 2,
    "100": 7
  },
  "recall_buckets": {
    "0-29": 65,
    "30-69": 19,
    "70-99": 2,
    "100": 4
  }
}
