{
  "micro_precision": 0.21348314606741572,
  "micro_recall": 0.2733812949640288,
  "micro_f1": 0.2397476340694006,
  "avg_latency_sec": 1.999208698272705,
  "precision_buckets": {
    "0-29": 33,
    "30-69": 17,
    "70-99": 0,
    "100": 0
  },
  "recall_buckets": {
    "0-29": 28,
    "30-69": 17,
    "70-99": 0,
    "100": 5
  }
}