{
  "text_ids": [
    75,
    76,
    77,
    78,
    79
  ],
  "texts": [
    "t2345678ZT2345678zg-9876543-x",
    "S1234567AS1234567Ag9876543xS1234567A",
    "G-987-6543-XG-987-6543-XF1234567NS1234567A",
    "t-234-5678-zG-987-6543-XM-2345678-YM-2345678-Yf1234567n",
    "F-1234567-Ng9876543xM-2345678-Ys1234567aT-2345678-Zs123-4567a"
  ],
  "response": "{\"output\":\"Here is the extracted information in JSON format:\\n\\n```\\n[\\n  {\\n    \\\"input\\\": \\\"t2345678ZT2345678zg-9876543-x\\\",\\n    \\\"name\\\": [{\\\"name\\\": \\\"t2345678ZT2345678z\\\"}],\\n    \\\"id\\\": [{\\\"id\\\": \\\"g-9876543-x\\\"}]\\n  },\\n  {\\n    \\\"input\\\": \\\"S1234567AS1234567Ag9876543xS1234567A\\\",\\n    \\\"plate\\\": [{\\\"plate\\\": \\\"S1234567A\\\"}],\\n    \\\"id\\\": [{\\\"id\\\": \\\"g9876543x\\\"}],\\n    \\\"name\\\": [{\\\"name\\\": \\\"S1234567AS1234567A\\\"}]\\n  },\\n  {\\n    \\\"input\\\": \\\"G-987-6543-XG-987-6543-XF1234567NS1234567A\\\",\\n    \\\"plate\\\": [{\\\"plate\\\": \\\"G-987-6543-X\\\"}],\\n    \\\"id\\\": [{\\\"id\\\": \\\"F1234567N\\\"}],\\n    \\\"name\\\": [{\\\"name\\\": \\\"G-987-6543-XG-987-6543-X\\\"}]\\n  },\\n  {\\n    \\\"input\\\": \\\"t-234-5678-zG-987-6543-XM-2345678-YM-2345678-Yf1234567n\\\",\\n    \\\"plate\\\": [{\\\"plate\\\": \\\"t-234-5678-z\\\"}],\\n    \\\"id\\\": [{\\\"id\\\": \\\"G-987-6543-X\\\"}],\\n    \\\"name\\\": [{\\\"name\\\": \\\"t-234-5678-zG-987-6543-X\\\"}]\\n  },\\n  {\\n    \\\"input\\\": \\\"F-1234567-Ng9876543xM-2345678-Ys1234567aT-2345678-Zs123-4567a\\\",\\n    \\\"plate\\\": [{\\\"plate\\\": \\\"F-1234567-N\\\"}],\\n    \\\"id\\\": [{\\\"id\\\": \\\"g9876543x\\\"}],\\n    \\\"name\\\": [{\\\"name\\\": \\\"F-1234567-Ng9876543x\\\"}],\\n    \\\"plate\\\": [{\\\"plate\\\": \\\"M-2345678-Y\\\"}],\\n    \\\"id\\\": [{\\\"id\\\": \\\"M-2345678-Y\\\"}],\\n    \\\"name\\\": [{\\\"name\\\": \\\"M-2345678-Ys1234567a\\\"}],\\n    \\\"plate\\\": [{\\\"plate\\\": \\\"T-2345678-Z\\\"}],\\n    \\\"id\\\": [{\\\"id\\\": \\\"T-2345678-Z\\\"}],\\n    \\\"name\\\": [{\\\"name\\\": \\\"T-2345678-Zs123-4567a\\\"}]\\n  }\\n]\\n```\"}",
  "latency": 7.98620080947876,
  "timestamp": 1752050832.4760058
}