{
  "micro_precision": 0.1989247311827957,
  "micro_recall": 0.26618705035971224,
  "micro_f1": 0.2276923076923077,
  "avg_latency_sec": 1.8841278314590455,
  "precision_buckets": {
    "0-29": 34,
    "30-69": 16,
    "70-99": 0,
    "100": 0
  },
  "recall_buckets": {
    "0-29": 30,
    "30-69": 15,
    "70-99": 0,
    "100": 5
  }
}