{
  "micro_precision": 0.4979919678714859,
  "micro_recall": 0.36363636363636365,
  "micro_f1": 0.4203389830508475,
  "avg_latency_sec": 1.8013869706322165,
  "precision_buckets": {
    "0-29": 43,
    "30-69": 20,
    "70-99": 10,
    "100": 17
  },
  "recall_buckets": {
    "0-29": 47,
    "30-69": 19,
    "70-99": 7,
    "100": 17
  }
}