{
  "micro_precision": 0.4397163120567376,
  "micro_recall": 0.39365079365079364,
  "micro_f1": 0.4154103852596315,
  "avg_latency_sec": 2.1243996143341066,
  "precision_buckets": {
    "0-29": 49,
    "30-69": 20,
    "70-99": 2,
    "100": 19
  },
  "recall_buckets": {
    "0-29": 53,
    "30-69": 15,
    "70-99": 4,
    "100": 18
  }
}