{
  "micro_precision": 0.3048780487804878,
  "micro_recall": 0.352112676056338,
  "micro_f1": 0.326797385620915,
  "avg_latency_sec": 1.5545550907359404,
  "precision_buckets": {
    "0-29": 56,
    "30-69": 24,
    "70-99": 4,
    "100": 6
  },
  "recall_buckets": {
    "0-29": 52,
    "30-69": 21,
    "70-99": 2,
    "100": 15
  }
}