{
  "micro_precision": 0.18324607329842932,
  "micro_recall": 0.2517985611510791,
  "micro_f1": 0.2121212121212121,
  "avg_latency_sec": 1.9655413722991943,
  "precision_buckets": {
    "0-29": 34,
    "30-69": 16,
    "70-99": 0,
    "100": 0
  },
  "recall_buckets": {
    "0-29": 30,
    "30-69": 15,
    "70-99": 0,
    "100": 5
  }
}