{
  "micro_precision": 0.3314285714285714,
  "micro_recall": 0.29441624365482233,
  "micro_f1": 0.3118279569892473,
  "avg_latency_sec": 1.966703260646147,
  "precision_buckets": {
    "0-29": 20,
    "30-69": 30,
    "70-99": 1,
    "100": 0
  },
  "recall_buckets": {
    "0-29": 26,
    "30-69": 22,
    "70-99": 1,
    "100": 2
  }
}