{
  "micro_precision": 0.3433734939759036,
  "micro_recall": 0.2893401015228426,
  "micro_f1": 0.3140495867768595,
  "avg_latency_sec": 1.9567556895461737,
  "precision_buckets": {
    "0-29": 19,
    "30-69": 30,
    "70-99": 1,
    "100": 1
  },
  "recall_buckets": {
    "0-29": 25,
    "30-69": 23,
    "70-99": 1,
    "100": 2
  }
}