{
  "micro_precision": 0.3795180722891566,
  "micro_recall": 0.3197969543147208,
  "micro_f1": 0.34710743801652894,
  "avg_latency_sec": 1.8782988202338124,
  "precision_buckets": {
    "0-29": 18,
    "30-69": 27,
    "70-99": 3,
    "100": 3
  },
  "recall_buckets": {
    "0-29": 25,
    "30-69": 23,
    "70-99": 0,
    "100": 3
  }
}