{
  "micro_precision": 0.6363636363636364,
  "micro_recall": 0.5018867924528302,
  "micro_f1": 0.5611814345991561,
  "avg_latency_sec": 1.7357423305511475,
  "precision_buckets": {
    "0-29": 3,
    "30-69": 32,
    "70-99": 8,
    "100": 7
  },
  "recall_buckets": {
    "0-29": 13,
    "30-69": 27,
    "70-99": 4,
    "100": 6
  }
}