{
  "text_ids": [
    40,
    41,
    42,
    43,
    44
  ],
  "texts": [
    "PASSWD+65#838#08235NULL+(65)9|305-*9982M",
    "(|65)808293`15M(|65)808293`15M~~6593924",
    "INFOO(65)#*9509O(65)#*9509(65)8910/40(65)8910/40NAO65|98363~714",
    "NULL+(65)|96`077211M`#|65|9534~652INFO+(65)9|305-*9982M",
    "H#(65)9554/9423H#(65)9554/9423M`#|659534~652M`#|659534~652..(65)8|130~*8INFO"
  ],
  "response": "{\"output\":\"Here are the extracted entities in JSON format:\\n\\n```\\n[\\n  {\\n    \\\"input\\\": \\\"PASSWD+65#838#08235NULL+(65)9|305-*9982M\\\",\\n    \\\"phone_number\\\": [\\n      {\\\"number\\\": \\\"+65#838#08235\\\"},\\n      {\\\"number\\\": \\\"(65)9|305-*9982M\\\"}\\n    ]\\n  },\\n  {\\n    \\\"input\\\": \\\"(|65)808293`15M(|65)808293`15M~~6593924\\\",\\n    \\\"phone_number\\\": [\\n      {\\\"number\\\": \\\"(|65)808293`15M\\\"},\\n      {\\\"number\\\": \\\"(|65)808293`15M\\\"},\\n      {\\\"number\\\": \\\"~~6593924\\\"}\\n    ]\\n  },\\n  {\\n    \\\"input\\\": \\\"INFOO(65)#*9509O(65)#*9509(65)8910/40(65)8910/40NAO65|98363~714\\\",\\n    \\\"phone_number\\\": [\\n      {\\\"number\\\": \\\"(65)#*9509\\\"},\\n      {\\\"number\\\": \\\"(65)#*9509\\\"},\\n      {\\\"number\\\": \\\"(65)8910/40\\\"},\\n      {\\\"number\\\": \\\"(65)8910/40\\\"},\\n      {\\\"number\\\": \\\"NAO65|98363~714\\\"}\\n    ]\\n  },\\n  {\\n    \\\"input\\\": \\\"NULL+(65)|96`077211M`#|65|9534~652INFO+(65)9|305-*9982M\\\",\\n    \\\"phone_number\\\": [\\n      {\\\"number\\\": \\\"+65|96`077211M`\\\"},\\n      {\\\"number\\\": \\\"|65|9534~652\\\"},\\n      {\\\"number\\\": \\\"+(65)9|305-*9982M\\\"}\\n    ]\\n  },\\n  {\\n    \\\"input\\\": \\\"H#(65)9554/9423H#(65)9554/9423M`#|659534~652M`#|659534~652..(65)8|130~*8INFO\\\",\\n    \\\"phone_number\\\": [\\n      {\\\"number\\\": \\\"#(65)9554/9423\\\"},\\n      {\\\"number\\\": \\\"#(65)9554/9423\\\"},\\n      {\\\"number\\\": \\\"M`#|659534~652\\\"},\\n      {\\\"number\\\": \\\"M`#|659534~652\\\"},\\n      {\\\"number\\\": \\\"(65)8|130~*8\\\"}\\n    ]\\n  }\\n]\\n```\"}",
  "latency": 7.282366991043091,
  "timestamp": 1752053406.7130408
}