{
  "text_ids": [
    55,
    56,
    57,
    58,
    59
  ],
  "texts": [
    "95666741O608487716749-1047O659476-7824M695495718196-3122",
    "9536-84888006-0310",
    "O(65)95095840(65)8396-0536",
    "658276458960251364+6567384988M",
    "84997208H656321-59486598699177M89808534"
  ],
  "response": "{\"output\":\"Here are the extracted entities in JSON format:\\n\\n```\\n[\\n  {\\n    \\\"input\\\": \\\"95666741O608487716749-1047O659476-7824M695495718196-3122\\\",\\n    \\\"id\\\": [{\\\"id\\\": \\\"95666741O\\\"}],\\n    \\\"plate\\\": [{\\\"plate\\\": \\\"6084877-1047O\\\"}],\\n    \\\"phone_number\\\": [{\\\"number\\\": \\\"659476-7824\\\"}],\\n    \\\"id\\\": [{\\\"id\\\": \\\"695495718196-3122\\\"}]\\n  },\\n  {\\n    \\\"input\\\": \\\"9536-84888006-0310\\\",\\n    \\\"phone_number\\\": [{\\\"number\\\": \\\"84888006-0310\\\"}]\\n  },\\n  {\\n    \\\"input\\\": \\\"O(65)95095840(65)8396-0536\\\",\\n    \\\"phone_number\\\": [{\\\"number\\\": \\\"(65)95095840\\\"}, {\\\"number\\\": \\\"(65)8396-0536\\\"}]\\n  },\\n  {\\n    \\\"input\\\": \\\"658276458960251364+6567384988M\\\",\\n    \\\"phone_number\\\": [{\\\"number\\\": \\\"658276458960251364+\\\"}, {\\\"number\\\": \\\"6567384988M\\\"}]\\n  },\\n  {\\n    \\\"input\\\": \\\"84997208H656321-59486598699177M89808534\\\",\\n    \\\"id\\\": [{\\\"id\\\": \\\"84997208H\\\"}],\\n    \\\"plate\\\": [{\\\"plate\\\": \\\"656321-59486598699177M\\\"}],\\n    \\\"phone_number\\\": [{\\\"number\\\": \\\"89808534\\\"}]\\n  }\\n]\\n```\"}",
  "latency": 11.896749019622803,
  "timestamp": 1752050649.503083
}