{
  "micro_precision": 0.69,
  "micro_recall": 0.5207547169811321,
  "micro_f1": 0.5935483870967743,
  "avg_latency_sec": 1.6625888395309447,
  "precision_buckets": {
    "0-29": 3,
    "30-69": 28,
    "70-99": 7,
    "100": 12
  },
  "recall_buckets": {
    "0-29": 10,
    "30-69": 29,
    "70-99": 5,
    "100": 6
  }
}