{
  "micro_precision": 0.24431818181818182,
  "micro_recall": 0.20187793427230047,
  "micro_f1": 0.22107969151670953,
  "avg_latency_sec": 1.477422467400046,
  "precision_buckets": {
    "0-29": 68,
    "30-69": 13,
    "70-99": 2,
    "100": 7
  },
  "recall_buckets": {
    "0-29": 64,
    "30-69": 14,
    "70-99": 0,
    "100": 12
  }
}