{
  "micro_precision": 0.20398009950248755,
  "micro_recall": 0.2949640287769784,
  "micro_f1": 0.24117647058823527,
  "avg_latency_sec": 1.9276526403427123,
  "precision_buckets": {
    "0-29": 35,
    "30-69": 15,
    "70-99": 0,
    "100": 0
  },
  "recall_buckets": {
    "0-29": 29,
    "30-69": 16,
    "70-99": 0,
    "100": 5
  }
}