{
  "micro_precision": 0.4121863799283154,
  "micro_recall": 0.36507936507936506,
  "micro_f1": 0.38720538720538716,
  "avg_latency_sec": 2.052853707706227,
  "precision_buckets": {
    "0-29": 50,
    "30-69": 23,
    "70-99": 2,
    "100": 15
  },
  "recall_buckets": {
    "0-29": 56,
    "30-69": 11,
    "70-99": 6,
    "100": 17
  }
}