{
  "micro_precision": 0.43884892086330934,
  "micro_recall": 0.3873015873015873,
  "micro_f1": 0.4114671163575042,
  "avg_latency_sec": 2.118481591168572,
  "precision_buckets": {
    "0-29": 51,
    "30-69": 20,
    "70-99": 1,
    "100": 18
  },
  "recall_buckets": {
    "0-29": 54,
    "30-69": 16,
    "70-99": 3,
    "100": 17
  }
}