{
  "micro_precision": 0.16774193548387098,
  "micro_recall": 0.18705035971223022,
  "micro_f1": 0.17687074829931973,
  "avg_latency_sec": 1.7937060070037842,
  "precision_buckets": {
    "0-29": 37,
    "30-69": 13,
    "70-99": 0,
    "100": 0
  },
  "recall_buckets": {
    "0-29": 36,
    "30-69": 12,
    "70-99": 0,
    "100": 2
  }
}