{
  "micro_precision": 0.28846153846153844,
  "micro_recall": 0.352112676056338,
  "micro_f1": 0.3171247357293869,
  "avg_latency_sec": 1.5534747460309197,
  "precision_buckets": {
    "0-29": 53,
    "30-69": 25,
    "70-99": 5,
    "100": 7
  },
  "recall_buckets": {
    "0-29": 49,
    "30-69": 23,
    "70-99": 3,
    "100": 15
  }
}