{
  "micro_precision": 0.6683673469387755,
  "micro_recall": 0.49433962264150944,
  "micro_f1": 0.5683297180043384,
  "avg_latency_sec": 1.7109218120574952,
  "precision_buckets": {
    "0-29": 4,
    "30-69": 27,
    "70-99": 12,
    "100": 7
  },
  "recall_buckets": {
    "0-29": 12,
    "30-69": 28,
    "70-99": 6,
    "100": 4
  }
}