{
  "micro_precision": 0.3351063829787234,
  "micro_recall": 0.2,
  "micro_f1": 0.2504970178926441,
  "avg_latency_sec": 2.6722211585325355,
  "precision_buckets": {
    "0-29": 60,
    "30-69": 21,
    "70-99": 1,
    "100": 8
  },
  "recall_buckets": {
    "0-29": 65,
    "30-69": 16,
    "70-99": 1,
    "100": 8
  }
}