{
  "micro_precision": 0.5477031802120141,
  "micro_recall": 0.45454545454545453,
  "micro_f1": 0.4967948717948718,
  "avg_latency_sec": 1.2017917492810417,
  "precision_buckets": {
    "0-29": 39,
    "30-69": 16,
    "70-99": 9,
    "100": 26
  },
  "recall_buckets": {
    "0-29": 41,
    "30-69": 17,
    "70-99": 9,
    "100": 23
  }
}