{
  "text_ids": [
    45,
    46,
    47,
    48,
    49
  ],
  "texts": [
    "+6594282110658361658361O'65'90876994O'65'90876994O65*94767824",
    "O65*94767824|(`65)93|(`65)93",
    "`+6589~132692-`+6589~132692-M(65)6417.4394M(65)6417.4394+(6%5)953967|03+(6%5)953967|03",
    "~656350991965~9131965~91319NA",
    "INFO6597940H(6*^5)99810204~65938~53393~65938~53393(65)628311(65)628311"
  ],
  "response": "{\"output\":\"Here is the extracted information in JSON format:\\n\\n```\\n[\\n  {\\n    \\\"input\\\": \\\"1. +6594282110658361658361O'65'90876994O'65'90876994O65*94767824\\\",\\n    \\\"phone_number\\\": [\\n      {\\\"number\\\": \\\"+6594282110\\\"},\\n      {\\\"number\\\": \\\"65831658361\\\"},\\n      {\\\"number\\\": \\\"O'65'90876994\\\"},\\n      {\\\"number\\\": \\\"O'65'90876994\\\"},\\n      {\\\"number\\\": \\\"O65*94767824\\\"}\\n    ]\\n  },\\n  {\\n    \\\"input\\\": \\\"2. O65*94767824|(`65)93|(`65)93\\\",\\n    \\\"phone_number\\\": [\\n      {\\\"number\\\": \\\"O65*94767824\\\"},\\n      {\\\"number\\\": \\\"(`65)93\\\"},\\n      {\\\"number\\\": \\\"(`65)93\\\"}\\n    ]\\n  },\\n  {\\n    \\\"input\\\": \\\"3. `+6589~132692-`+6589~132692-M(65)6417.4394M(65)6417.4394+(6%5)953967|03+(6%5)953967|03\\\",\\n    \\\"phone_number\\\": [\\n      {\\\"number\\\": \\\"+6589~132692-\\\"},\\n      {\\\"number\\\": \\\"+6589~132692-\\\"},\\n      {\\\"number\\\": \\\"M(65)6417.4394\\\"},\\n      {\\\"number\\\": \\\"M(65)6417.4394\\\"},\\n      {\\\"number\\\": \\\"+(6%5)953967|03\\\"},\\n      {\\\"number\\\": \\\"+(6%5)953967|03\\\"}\\n    ]\\n  },\\n  {\\n    \\\"input\\\": \\\"4. ~656350991965~9131965~91319NA\\\",\\n    \\\"phone_number\\\": [\\n      {\\\"number\\\": \\\"~656350991965\\\"},\\n      {\\\"number\\\": \\\"~9131965\\\"},\\n      {\\\"number\\\": \\\"~91319NA\\\"}\\n    ]\\n  },\\n  {\\n    \\\"input\\\": \\\"5. INFO6597940H(6*^5)99810204~65938~53393~65938~53393(65)628311(65)628311\\\",\\n    \\\"phone_number\\\": [\\n      {\\\"number\\\": \\\"(6*^5)99810204\\\"},\\n      {\\\"number\\\": \\\"~65938~53393\\\"},\\n      {\\\"number\\\": \\\"~65938~53393\\\"},\\n      {\\\"number\\\": \\\"(65)628311\\\"},\\n      {\\\"number\\\": \\\"(65)628311\\\"}\\n    ]\\n  }\\n]\\n```\"}",
  "latency": 7.637176036834717,
  "timestamp": 1752049085.969749
}