{
  "micro_precision": 0.18048780487804877,
  "micro_recall": 0.26618705035971224,
  "micro_f1": 0.21511627906976744,
  "avg_latency_sec": 2.081438617706299,
  "precision_buckets": {
    "0-29": 34,
    "30-69": 15,
    "70-99": 1,
    "100": 0
  },
  "recall_buckets": {
    "0-29": 30,
    "30-69": 15,
    "70-99": 1,
    "100": 4
  }
}