{
  "micro_precision": 0.2597402597402597,
  "micro_recall": 0.20304568527918782,
  "micro_f1": 0.22792022792022792,
  "avg_latency_sec": 1.8724238732281853,
  "precision_buckets": {
    "0-29": 29,
    "30-69": 21,
    "70-99": 1,
    "100": 0
  },
  "recall_buckets": {
    "0-29": 36,
    "30-69": 13,
    "70-99": 1,
    "100": 1
  }
}