{
  "micro_precision": 0.575187969924812,
  "micro_recall": 0.44868035190615835,
  "micro_f1": 0.5041186161449753,
  "avg_latency_sec": 1.3236796266892377,
  "precision_buckets": {
    "0-29": 41,
    "30-69": 20,
    "70-99": 5,
    "100": 24
  },
  "recall_buckets": {
    "0-29": 39,
    "30-69": 18,
    "70-99": 8,
    "100": 25
  }
}
