{
  "micro_precision": 0.17123287671232876,
  "micro_recall": 0.17985611510791366,
  "micro_f1": 0.17543859649122806,
  "avg_latency_sec": 1.753782410621643,
  "precision_buckets": {
    "0-29": 34,
    "30-69": 16,
    "70-99": 0,
    "100": 0
  },
  "recall_buckets": {
    "0-29": 36,
    "30-69": 13,
    "70-99": 0,
    "100": 1
  }
}