{
  "micro_precision": 0.5638297872340425,
  "micro_recall": 0.4662756598240469,
  "micro_f1": 0.5104333868378812,
  "avg_latency_sec": 1.389321133669685,
  "precision_buckets": {
    "0-29": 34,
    "30-69": 24,
    "70-99": 9,
    "100": 23
  },
  "recall_buckets": {
    "0-29": 39,
    "30-69": 23,
    "70-99": 7,
    "100": 21
  }
}