{
  "micro_precision": 0.6515151515151515,
  "micro_recall": 0.4867924528301887,
  "micro_f1": 0.5572354211663068,
  "avg_latency_sec": 1.677447838783264,
  "precision_buckets": {
    "0-29": 4,
    "30-69": 29,
    "70-99": 10,
    "100": 7
  },
  "recall_buckets": {
    "0-29": 13,
    "30-69": 28,
    "70-99": 6,
    "100": 3
  }
}