{
  "micro_precision": 0.22702702702702704,
  "micro_recall": 0.302158273381295,
  "micro_f1": 0.2592592592592593,
  "avg_latency_sec": 1.9426106309890747,
  "precision_buckets": {
    "0-29": 32,
    "30-69": 18,
    "70-99": 0,
    "100": 0
  },
  "recall_buckets": {
    "0-29": 27,
    "30-69": 17,
    "70-99": 0,
    "100": 6
  }
}