{
  "micro_precision": 0.16901408450704225,
  "micro_recall": 0.17266187050359713,
  "micro_f1": 0.17081850533807827,
  "avg_latency_sec": 1.8198210144042968,
  "precision_buckets": {
    "0-29": 35,
    "30-69": 15,
    "70-99": 0,
    "100": 0
  },
  "recall_buckets": {
    "0-29": 36,
    "30-69": 12,
    "70-99": 0,
    "100": 2
  }
}
