{
  "text_ids": [
    40,
    41,
    42,
    43,
    44
  ],
  "texts": [
    "020220182020=02=292020=02=29d.ec25,20202007112318jUNE2016",
    "0.10120010.10120012.00702282.007022807072007",
    "M.arch3,2018M.arch3,201830=04=200230=04=20022023=08=082023=08=082FeB2022O.ct31,20197juL2007",
    "200008151.4=02=2013",
    "1.4=02=2013J.Un3,2017J.Un3,20172021=07=142.01103012.01103012023=08=08"
  ],
  "response": "{\"output\":\"Here is the extracted information in JSON format:\\n\\n```\\n[\\n  {\\n    \\\"input\\\": \\\"020220182020=02=292020=02=29d.ec25,20202007112318jUNE2016\\\",\\n    \\\"date\\\": [\\n      {\\\"date\\\": \\\"02022018\\\"},\\n      {\\\"date\\\": \\\"020=02=29\\\"},\\n      {\\\"date\\\": \\\"20202007112318\\\"},\\n      {\\\"date\\\": \\\"jUNE2016\\\"}\\n    ]\\n  },\\n  {\\n    \\\"input\\\": \\\"0.10120010.10120012.00702282.007022807072007\\\",\\n    \\\"date\\\": [\\n      {\\\"date\\\": \\\"0.1012001\\\"},\\n      {\\\"date\\\": \\\"0.1012001\\\"},\\n      {\\\"date\\\": \\\"2.0070228\\\"},\\n      {\\\"date\\\": \\\"2.0070228\\\"},\\n      {\\\"date\\\": \\\"7072007\\\"}\\n    ]\\n  },\\n  {\\n    \\\"input\\\": \\\"M.arch3,2018M.arch3,201830=04=200230=04=20022023=08=082023=08=082FeB2022O.ct31,20197juL2007\\\",\\n    \\\"date\\\": [\\n      {\\\"date\\\": \\\"M.arch3,2018\\\"},\\n      {\\\"date\\\": \\\"M.arch3,2018\\\"},\\n      {\\\"date\\\": \\\"30=04=2002\\\"},\\n      {\\\"date\\\": \\\"30=04=2002\\\"},\\n      {\\\"date\\\": \\\"2023=08=08\\\"},\\n      {\\\"date\\\": \\\"2023=08=08\\\"},\\n      {\\\"date\\\": \\\"FeB2022\\\"},\\n      {\\\"date\\\": \\\"O.ct31,2019\\\"},\\n      {\\\"date\\\": \\\"7juL2007\\\"}\\n    ]\\n  },\\n  {\\n    \\\"input\\\": \\\"200008151.4=02=2013\\\",\\n    \\\"date\\\": [\\n      {\\\"date\\\": \\\"20000815\\\"},\\n      {\\\"date\\\": \\\"1.4=02=2013\\\"}\\n    ]\\n  },\\n  {\\n    \\\"input\\\": \\\"1.4=02=2013J.Un3,2017J.Un3,20172021=07=142.01103012.01103012023=08=08\\\",\\n    \\\"date\\\": [\\n      {\\\"date\\\": \\\"1.4=02=2013\\\"},\\n      {\\\"date\\\": \\\"J.Un3,2017\\\"},\\n      {\\\"date\\\": \\\"J.Un3,2017\\\"},\\n      {\\\"date\\\": \\\"2021=07=14\\\"},\\n      {\\\"date\\\": \\\"2.0110301\\\"},\\n      {\\\"date\\\": \\\"2.0110301\\\"},\\n      {\\\"date\\\": \\\"2023=08=08\\\"}\\n    ]\\n  }\\n]\\n```\"}",
  "latency": 7.882124185562134,
  "timestamp": 1752053282.912021
}