{
  "micro_precision": 0.6521739130434783,
  "micro_recall": 0.5094339622641509,
  "micro_f1": 0.5720338983050848,
  "avg_latency_sec": 1.7000133228302001,
  "precision_buckets": {
    "0-29": 2,
    "30-69": 27,
    "70-99": 11,
    "100": 10
  },
  "recall_buckets": {
    "0-29": 10,
    "30-69": 27,
    "70-99": 9,
    "100": 4
  }
}