{
  "micro_precision": 0.6410256410256411,
  "micro_recall": 0.4716981132075472,
  "micro_f1": 0.5434782608695652,
  "avg_latency_sec": 1.6231834363937379,
  "precision_buckets": {
    "0-29": 5,
    "30-69": 29,
    "70-99": 7,
    "100": 9
  },
  "recall_buckets": {
    "0-29": 13,
    "30-69": 26,
    "70-99": 7,
    "100": 4
  }
}