{
  "micro_precision": 0.4141791044776119,
  "micro_recall": 0.3523809523809524,
  "micro_f1": 0.38078902229845624,
  "avg_latency_sec": 2.194528568492216,
  "precision_buckets": {
    "0-29": 50,
    "30-69": 24,
    "70-99": 1,
    "100": 15
  },
  "recall_buckets": {
    "0-29": 57,
    "30-69": 17,
    "70-99": 3,
    "100": 13
  }
}