{
  "micro_precision": 0.6544502617801047,
  "micro_recall": 0.4716981132075472,
  "micro_f1": 0.5482456140350878,
  "avg_latency_sec": 1.6341062927246093,
  "precision_buckets": {
    "0-29": 2,
    "30-69": 34,
    "70-99": 4,
    "100": 10
  },
  "recall_buckets": {
    "0-29": 13,
    "30-69": 28,
    "70-99": 5,
    "100": 4
  }
}