{
  "micro_precision": 0.5129151291512916,
  "micro_recall": 0.40762463343108507,
  "micro_f1": 0.45424836601307195,
  "avg_latency_sec": 1.9568503043230843,
  "precision_buckets": {
    "0-29": 43,
    "30-69": 20,
    "70-99": 8,
    "100": 19
  },
  "recall_buckets": {
    "0-29": 48,
    "30-69": 12,
    "70-99": 7,
    "100": 23
  }
}