{
  "micro_precision": 0.6209677419354839,
  "micro_recall": 0.45161290322580644,
  "micro_f1": 0.5229202037351443,
  "avg_latency_sec": 1.2652692794799805,
  "precision_buckets": {
    "0-29": 41,
    "30-69": 14,
    "70-99": 6,
    "100": 29
  },
  "recall_buckets": {
    "0-29": 39,
    "30-69": 19,
    "70-99": 6,
    "100": 26
  }
}