{
  "text_ids": [
    75,
    76,
    77,
    78,
    79
  ],
  "texts": [
    "s-123-4567-ag-9876543-xg-9876543-xs123-4567as123-4567aNA",
    "t-234-5678-zt-234-5678-zABCDT-2345678-ZINFOs123-4567aPASSWDg9876543x",
    "NULLT-2345678-Zg9876543xg9876543xG-987-6543-X",
    "s1234567aPASSWDABCDg-9876543-xNULLT2345678zPASSWDf1234567nNULLS1234567A",
    "t2345678Zt2345678ZG9876543XG9876543Xs123-4567as123-4567a"
  ],
  "response": "{\"output\":\"Here is the extracted information in JSON format:\\n\\n```\\n[\\n  {\\n    \\\"input\\\": \\\"s-123-4567-ag-9876543-xg-9876543-xs123-4567as123-4567aNA\\\",\\n    \\\"id\\\": [\\n      {\\\"id\\\": \\\"s1234567a\\\"},\\n      {\\\"id\\\": \\\"s123-4567as123-4567a\\\"}\\n    ]\\n  },\\n  {\\n    \\\"input\\\": \\\"t-234-5678-zt-234-5678-zABCDT-2345678-ZINFOs123-4567aPASSWDg9876543x\\\",\\n    \\\"plate\\\": [\\n      {\\\"plate\\\": \\\"t2345678Z\\\"},\\n      {\\\"plate\\\": \\\"t2345678Z\\\"}\\n    ],\\n    \\\"id\\\": [\\n      {\\\"id\\\": \\\"g9876543x\\\"},\\n      {\\\"id\\\": \\\"INFOs123-4567a\\\"}\\n    ]\\n  },\\n  {\\n    \\\"input\\\": \\\"NULLT-2345678-Zg9876543xg9876543xG-987-6543-X\\\",\\n    \\\"plate\\\": [\\n      {\\\"plate\\\": \\\"T-2345678-Z\\\"},\\n      {\\\"plate\\\": \\\"G-987-6543-X\\\"}\\n    ],\\n    \\\"id\\\": [\\n      {\\\"id\\\": \\\"g9876543x\\\"},\\n      {\\\"id\\\": \\\"g9876543x\\\"}\\n    ]\\n  },\\n  {\\n    \\\"input\\\": \\\"s1234567aPASSWDABCDg-9876543-xNULLT2345678zPASSWDf1234567nNULLS1234567A\\\",\\n    \\\"id\\\": [\\n      {\\\"id\\\": \\\"s1234567a\\\"},\\n      {\\\"id\\\": \\\"f1234567n\\\"},\\n      {\\\"id\\\": \\\"S1234567A\\\"}\\n    ]\\n  },\\n  {\\n    \\\"input\\\": \\\"t2345678Zt2345678ZG9876543XG9876543Xs123-4567as123-4567a\\\",\\n    \\\"plate\\\": [\\n      {\\\"plate\\\": \\\"t2345678Z\\\"},\\n      {\\\"plate\\\": \\\"t2345678Z\\\"},\\n      {\\\"plate\\\": \\\"G9876543X\\\"},\\n      {\\\"plate\\\": \\\"G9876543X\\\"}\\n    ]\\n  }\\n]\\n```\"}",
  "latency": 6.8668458461761475,
  "timestamp": 1752049237.114036
}