{
  "micro_precision": 0.34710743801652894,
  "micro_recall": 0.26666666666666666,
  "micro_f1": 0.3016157989228007,
  "avg_latency_sec": 2.326666604771334,
  "precision_buckets": {
    "0-29": 57,
    "30-69": 25,
    "70-99": 1,
    "100": 7
  },
  "recall_buckets": {
    "0-29": 59,
    "30-69": 20,
    "70-99": 2,
    "100": 9
  }
}