{
  "text_ids": [
    50,
    51,
    52,
    53,
    54
  ],
  "texts": [
    "(65)84890013O656825-0798+(65)64878985M",
    "H+6594343679(65)8110-5398O62635952",
    "M8367608662974327H",
    "6185-34856185-3485O6598363714O6598363714(65)9301-1871",
    "+(65)9305-9982M6749-10478751-8693"
  ],
  "response": "{\"output\":\"Here is the output in JSON format:\\n\\n```\\n[\\n  {\\n    \\\"input\\\": \\\"1. (65)84890013O656825-0798+(65)64878985M\\\",\\n    \\\"phone_number\\\": [\\n      {\\n        \\\"number\\\": \\\"(65)84890013\\\"\\n      },\\n      {\\n        \\\"number\\\": \\\"656825-0798\\\"\\n      },\\n      {\\n        \\\"number\\\": \\\"(65)64878985\\\"\\n      }\\n    ],\\n    \\\"country\\\": [\\n      {\\n        \\\"country\\\": \\\"M\\\"\\n      }\\n    ]\\n  },\\n  {\\n    \\\"input\\\": \\\"2. H+6594343679(65)8110-5398O62635952\\\",\\n    \\\"phone_number\\\": [\\n      {\\n        \\\"number\\\": \\\"6594343679\\\"\\n      },\\n      {\\n        \\\"number\\\": \\\"(65)8110-5398\\\"\\n      }\\n    ],\\n    \\\"country\\\": [\\n      {\\n        \\\"country\\\": \\\"O\\\"\\n      }\\n    ],\\n    \\\"country\\\": [\\n      {\\n        \\\"country\\\": \\\"62635952\\\"\\n      }\\n    ]\\n  },\\n  {\\n    \\\"input\\\": \\\"3. M8367608662974327H\\\",\\n    \\\"country\\\": [\\n      {\\n        \\\"country\\\": \\\"M\\\"\\n      }\\n    ],\\n    \\\"country\\\": [\\n      {\\n        \\\"country\\\": \\\"8367608662974327\\\"\\n      }\\n    ],\\n    \\\"country\\\": [\\n      {\\n        \\\"country\\\": \\\"H\\\"\\n      }\\n    ]\\n  },\\n  {\\n    \\\"input\\\": \\\"4. 6185-34856185-3485O6598363714O6598363714(65)9301-1871\\\",\\n    \\\"phone_number\\\": [\\n      {\\n        \\\"number\\\": \\\"6185-34856185-3485\\\"\\n      },\\n      {\\n        \\\"number\\\": \\\"6598363714\\\"\\n      },\\n      {\\n        \\\"number\\\": \\\"6598363714\\\"\\n      },\\n      {\\n        \\\"number\\\": \\\"(65)9301-1871\\\"\\n      }\\n    ],\\n    \\\"country\\\": [\\n      {\\n        \\\"country\\\": \\\"O\\\"\\n      }\\n    ]\\n  },\\n  {\\n    \\\"input\\\": \\\"5. +(65)9305-9982M6749-10478751-8693\\\",\\n    \\\"phone_number\\\": [\\n      {\\n        \\\"number\\\": \\\"+(65)9305-9982\\\"\\n      },\\n      {\\n        \\\"number\\\": \\\"M6749-10478751-8693\\\"\\n      }\\n    ]\\n  }\\n]\\n```\"}",
  "latency": 8.918783187866211,
  "timestamp": 1752042589.825857
}