{
  "text_ids": [
    55,
    56,
    57,
    58,
    59
  ],
  "texts": [
    "95666741O608487716749-1047O659476-7824M695495718196-3122",
    "9536-84888006-0310",
    "O(65)95095840(65)8396-0536",
    "658276458960251364+6567384988M",
    "84997208H656321-59486598699177M89808534"
  ],
  "response": "{\"output\":\"Here is the output in JSON format:\\n\\n```\\n[\\n  {\\n    \\\"input\\\": \\\"95666741O608487716749-1047O659476-7824M695495718196-3122\\\",\\n    \\\"phone_number\\\": [{\\\"number\\\": \\\"95666741O608487716749-1047O659476-7824M695495718196-3122\\\"}],\\n    \\\"relationship\\\": [{\\\"relationship\\\": \\\"O\\\"}],\\n    \\\"organisation\\\": [{\\\"name\\\": \\\"O608487716749-1047\\\"}],\\n    \\\"phone_number\\\": [{\\\"number\\\": \\\"659476-7824M695495718196-3122\\\"}]\\n  },\\n  {\\n    \\\"input\\\": \\\"9536-84888006-0310\\\",\\n    \\\"phone_number\\\": [{\\\"number\\\": \\\"9536-84888006-0310\\\"}]\\n  },\\n  {\\n    \\\"input\\\": \\\"O(65)95095840(65)8396-0536\\\",\\n    \\\"phone_number\\\": [{\\\"number\\\": \\\"O(65)95095840(65)8396-0536\\\"}],\\n    \\\"country\\\": [{\\\"country\\\": \\\"O(65)\\\"}]\\n  },\\n  {\\n    \\\"input\\\": \\\"658276458960251364+6567384988M\\\",\\n    \\\"phone_number\\\": [{\\\"number\\\": \\\"658276458960251364+6567384988M\\\"}]\\n  },\\n  {\\n    \\\"input\\\": \\\"84997208H656321-59486598699177M89808534\\\",\\n    \\\"phone_number\\\": [{\\\"number\\\": \\\"84997208H656321-59486598699177M89808534\\\"}],\\n    \\\"salutation\\\": [{\\\"salutation\\\": \\\"H\\\"}]\\n  }\\n]\\n```\"}",
  "latency": 5.3084471225738525,
  "timestamp": 1752042595.135953
}