{
  "micro_precision": 0.18848167539267016,
  "micro_recall": 0.2589928057553957,
  "micro_f1": 0.21818181818181814,
  "avg_latency_sec": 2.0705848026275633,
  "precision_buckets": {
    "0-29": 32,
    "30-69": 18,
    "70-99": 0,
    "100": 0
  },
  "recall_buckets": {
    "0-29": 28,
    "30-69": 18,
    "70-99": 0,
    "100": 4
  }
}