{
  "micro_precision": 0.3116883116883117,
  "micro_recall": 0.3380281690140845,
  "micro_f1": 0.3243243243243243,
  "avg_latency_sec": 1.9274205263923196,
  "precision_buckets": {
    "0-29": 56,
    "30-69": 21,
    "70-99": 3,
    "100": 10
  },
  "recall_buckets": {
    "0-29": 50,
    "30-69": 23,
    "70-99": 1,
    "100": 16
  }
}