{
  "micro_precision": 0.5149253731343284,
  "micro_recall": 0.4046920821114369,
  "micro_f1": 0.45320197044334976,
  "avg_latency_sec": 1.8982907968408922,
  "precision_buckets": {
    "0-29": 41,
    "30-69": 23,
    "70-99": 9,
    "100": 17
  },
  "recall_buckets": {
    "0-29": 44,
    "30-69": 20,
    "70-99": 7,
    "100": 19
  }
}