{
  "micro_precision": 0.5107142857142857,
  "micro_recall": 0.41935483870967744,
  "micro_f1": 0.46054750402576483,
  "avg_latency_sec": 1.1991938254412482,
  "precision_buckets": {
    "0-29": 40,
    "30-69": 17,
    "70-99": 11,
    "100": 22
  },
  "recall_buckets": {
    "0-29": 42,
    "30-69": 19,
    "70-99": 9,
    "100": 20
  }
}