{
  "text_ids": [
    75,
    76,
    77,
    78,
    79
  ],
  "texts": [
    "s-123-4567-ag-9876543-xg-9876543-xs123-4567as123-4567aNA",
    "t-234-5678-zt-234-5678-zABCDT-2345678-ZINFOs123-4567aPASSWDg9876543x",
    "NULLT-2345678-Zg9876543xg9876543xG-987-6543-X",
    "s1234567aPASSWDABCDg-9876543-xNULLT2345678zPASSWDf1234567nNULLS1234567A",
    "t2345678Zt2345678ZG9876543XG9876543Xs123-4567as123-4567a"
  ],
  "response": "{\"output\":\"Here is the output in JSON format:\\n\\n```\\n[\\n  {\\n    \\\"input\\\": \\\"s-123-4567-ag-9876543-xg-9876543-xs123-4567as123-4567aNA\\\",\\n    \\\"name\\\": [{\\\"name\\\": \\\"s-123-4567-ag-9876543-xg-9876543-xs123-4567as123-4567a\\\", \\\"alias\\\": \\\"NA\\\"}]\\n  },\\n  {\\n    \\\"input\\\": \\\"t-234-5678-zt-234-5678-zABCDT-2345678-ZINFOs123-4567aPASSWDg9876543x\\\",\\n    \\\"name\\\": [{\\\"name\\\": \\\"t-234-5678-zt-234-5678-zABCD\\\", \\\"alias\\\": \\\"INFOs123-4567aPASSWDg9876543x\\\"}],\\n    \\\"organisation\\\": [{\\\"name\\\": \\\"T-2345678-Z\\\"}]\\n  },\\n  {\\n    \\\"input\\\": \\\"NULLT-2345678-Zg9876543xg9876543xG-987-6543-X\\\",\\n    \\\"organisation\\\": [{\\\"name\\\": \\\"T-2345678-Z\\\"}],\\n    \\\"airport_code\\\": [{\\\"airport_code\\\": \\\"G-987-6543-X\\\"}]\\n  },\\n  {\\n    \\\"input\\\": \\\"s1234567aPASSWDABCDg-9876543-xNULLT2345678zPASSWDf1234567nNULLS1234567A\\\",\\n    \\\"organisation\\\": [{\\\"name\\\": \\\"s1234567aPASSWDABCD\\\"}],\\n    \\\"organisation\\\": [{\\\"name\\\": \\\"NULLT2345678zPASSWDf1234567nNULL\\\"}],\\n    \\\"organisation\\\": [{\\\"name\\\": \\\"S1234567A\\\"}]\\n  },\\n  {\\n    \\\"input\\\": \\\"t2345678Zt2345678ZG9876543XG9876543Xs123-4567as123-4567a\\\",\\n    \\\"name\\\": [{\\\"name\\\": \\\"t2345678Zt2345678ZG9876543XG9876543X\\\", \\\"alias\\\": \\\"s123-4567as123-4567a\\\"}]\\n  }\\n]\\n```\"}",
  "latency": 6.655969142913818,
  "timestamp": 1752043832.982398
}