{
  "micro_precision": 0.38079470198675497,
  "micro_recall": 0.36507936507936506,
  "micro_f1": 0.3727714748784441,
  "avg_latency_sec": 2.1433212813209086,
  "precision_buckets": {
    "0-29": 50,
    "30-69": 26,
    "70-99": 1,
    "100": 13
  },
  "recall_buckets": {
    "0-29": 57,
    "30-69": 11,
    "70-99": 4,
    "100": 18
  }
}