{
  "micro_precision": 0.2977941176470588,
  "micro_recall": 0.38028169014084506,
  "micro_f1": 0.334020618556701,
  "avg_latency_sec": 1.4027326331419103,
  "precision_buckets": {
    "0-29": 52,
    "30-69": 28,
    "70-99": 1,
    "100": 9
  },
  "recall_buckets": {
    "0-29": 48,
    "30-69": 24,
    "70-99": 2,
    "100": 16
  }
}