{
  "micro_precision": 0.4505928853754941,
  "micro_recall": 0.3619047619047619,
  "micro_f1": 0.4014084507042253,
  "avg_latency_sec": 2.7024729027467616,
  "precision_buckets": {
    "0-29": 53,
    "30-69": 17,
    "70-99": 3,
    "100": 17
  },
  "recall_buckets": {
    "0-29": 57,
    "30-69": 13,
    "70-99": 4,
    "100": 16
  }
}