{
  "micro_precision": 0.6376811594202898,
  "micro_recall": 0.4981132075471698,
  "micro_f1": 0.559322033898305,
  "avg_latency_sec": 1.6961278772354127,
  "precision_buckets": {
    "0-29": 2,
    "30-69": 33,
    "70-99": 4,
    "100": 11
  },
  "recall_buckets": {
    "0-29": 14,
    "30-69": 26,
    "70-99": 3,
    "100": 7
  }
}