{
  "text_ids": [
    75,
    76,
    77,
    78,
    79
  ],
  "texts": [
    "t2345678ZT2345678zg-9876543-x",
    "S1234567AS1234567Ag9876543xS1234567A",
    "G-987-6543-XG-987-6543-XF1234567NS1234567A",
    "t-234-5678-zG-987-6543-XM-2345678-YM-2345678-Yf1234567n",
    "F-1234567-Ng9876543xM-2345678-Ys1234567aT-2345678-Zs123-4567a"
  ],
  "response": "{\"output\":\"Here is the output in JSON format:\\n\\n```\\n[\\n  {\\n    \\\"input\\\": \\\"t2345678ZT2345678zg-9876543-x\\\",\\n    \\\"name\\\": [{\\\"name\\\": \\\"t2345678Z\\\", \\\"alias\\\": \\\"T2345678z\\\"}]\\n  },\\n  {\\n    \\\"input\\\": \\\"S1234567AS1234567Ag9876543xS1234567A\\\",\\n    \\\"name\\\": [{\\\"name\\\": \\\"S1234567A\\\", \\\"alias\\\": \\\"S1234567Ag9876543x\\\"}]\\n  },\\n  {\\n    \\\"input\\\": \\\"G-987-6543-XG-987-6543-XF1234567NS1234567A\\\",\\n    \\\"name\\\": [{\\\"name\\\": \\\"G-987-6543-X\\\", \\\"alias\\\": \\\"G-987-6543-XF1234567N\\\"}],\\n    \\\"organisation\\\": [{\\\"name\\\": \\\"S1234567A\\\"}]\\n  },\\n  {\\n    \\\"input\\\": \\\"t-234-5678-zG-987-6543-XM-2345678-YM-2345678-Yf1234567n\\\",\\n    \\\"name\\\": [{\\\"name\\\": \\\"t-234-5678-z\\\", \\\"alias\\\": \\\"G-987-6543-X\\\"}],\\n    \\\"organisation\\\": [{\\\"name\\\": \\\"M-2345678-Y\\\"}]\\n  },\\n  {\\n    \\\"input\\\": \\\"F-1234567-Ng9876543xM-2345678-Ys1234567aT-2345678-Zs123-4567a\\\",\\n    \\\"name\\\": [{\\\"name\\\": \\\"F-1234567-N\\\", \\\"alias\\\": \\\"M-2345678-Y\\\"}],\\n    \\\"organisation\\\": [{\\\"name\\\": \\\"s1234567a\\\"}],\\n    \\\"relationship\\\": [{\\\"relationship\\\": \\\"T-2345678-Z\\\"}]\\n  }\\n]\\n```\"}",
  "latency": 5.836573839187622,
  "timestamp": 1752042386.4445598
}