{
  "text_ids": [
    35,
    36,
    37,
    38,
    39
  ],
  "texts": [
    "(65)8110~5398O(65)8110~5398OM(65)6417.4394H./(65)9554/9423O87727644O87727644//6566322023H99471862H994718626598699177M",
    "H63640636H636406368064114580641145H63125342",
    "85007974OH~~(65)9683.6718",
    "9407.67026583613977(65)9301~1871(65)9085.50316167/3311O",
    "93928194HO(65)95095840//6567384988M#656582~4051M6185.348589104455H"
  ],
  "response": "{\"output\":\"Here is the extracted information in JSON format:\\n\\n```\\n[\\n  {\\n    \\\"input\\\": \\\"(65)8110~5398O(65)8110~5398OM(65)6417.4394H./(65)9554/9423O87727644O87727644//6566322023H99471862H994718626598699177M\\\",\\n    \\\"phone_number\\\": [\\n      {\\\"number\\\": \\\"(65)8110~5398O\\\"},\\n      {\\\"number\\\": \\\"(65)8110~5398OM\\\"},\\n      {\\\"number\\\": \\\"(65)6417.4394H.\\\"},\\n      {\\\"number\\\": \\\"(65)9554/9423O\\\"},\\n      {\\\"number\\\": \\\"87727644O\\\"},\\n      {\\\"number\\\": \\\"87727644//\\\"},\\n      {\\\"number\\\": \\\"6566322023H\\\"},\\n      {\\\"number\\\": \\\"99471862H\\\"},\\n      {\\\"number\\\": \\\"994718626598699177M\\\"}\\n    ]\\n  },\\n  {\\n    \\\"input\\\": \\\"H63640636H636406368064114580641145H63125342\\\",\\n    \\\"phone_number\\\": [\\n      {\\\"number\\\": \\\"H63640636\\\"},\\n      {\\\"number\\\": \\\"H636406368064\\\"},\\n      {\\\"number\\\": \\\"114580641145\\\"},\\n      {\\\"number\\\": \\\"H63125342\\\"}\\n    ]\\n  },\\n  {\\n    \\\"input\\\": \\\"85007974OH~~(65)9683.6718\\\",\\n    \\\"phone_number\\\": [\\n      {\\\"number\\\": \\\"85007974OH~~\\\"},\\n      {\\\"number\\\": \\\"(65)9683.6718\\\"}\\n    ]\\n  },\\n  {\\n    \\\"input\\\": \\\"9407.67026583613977(65)9301~1871(65)9085.50316167/3311O\\\",\\n    \\\"phone_number\\\": [\\n      {\\\"number\\\": \\\"(65)9301~1871\\\"},\\n      {\\\"number\\\": \\\"(65)9085.50316167/3311O\\\"}\\n    ]\\n  },\\n  {\\n    \\\"input\\\": \\\"93928194HO(65)95095840//6567384988M#656582~4051M6185.348589104455H\\\",\\n    \\\"phone_number\\\": [\\n      {\\\"number\\\": \\\"(65)95095840//\\\"},\\n      {\\\"number\\\": \\\"6567384988M\\\"},\\n      {\\\"number\\\": \\\"#656582~4051M\\\"},\\n      {\\\"number\\\": \\\"6185.348589104455H\\\"}\\n    ]\\n  }\\n]\\n```\"}",
  "latency": 7.574779033660889,
  "timestamp": 1752053019.6628962
}