{
  "micro_precision": 0.5920398009950248,
  "micro_recall": 0.4490566037735849,
  "micro_f1": 0.5107296137339056,
  "avg_latency_sec": 1.7048111295700072,
  "precision_buckets": {
    "0-29": 7,
    "30-69": 27,
    "70-99": 11,
    "100": 5
  },
  "recall_buckets": {
    "0-29": 16,
    "30-69": 22,
    "70-99": 11,
    "100": 1
  }
}