{
  "micro_precision": 0.37333333333333335,
  "micro_recall": 0.28426395939086296,
  "micro_f1": 0.3227665706051873,
  "avg_latency_sec": 1.8988790184843773,
  "precision_buckets": {
    "0-29": 25,
    "30-69": 20,
    "70-99": 3,
    "100": 3
  },
  "recall_buckets": {
    "0-29": 29,
    "30-69": 20,
    "70-99": 1,
    "100": 1
  }
}