{
  "text_ids": [
    75,
    76,
    77,
    78,
    79
  ],
  "texts": [
    "T-2345678-ZT-2345678-ZG9876543XG9876543XF1234567N",
    "T-2345678-ZT-2345678-ZS1234567As-123-4567-as123-4567ag-9876543-x",
    "s-123-4567-as-123-4567-af1234567nM2345678YM2345678YF-1234567-NF-1234567-N",
    "G-987-6543-XG-987-6543-XF1234567NS1234567A",
    "f1234567nf1234567nt2345678Zt2345678ZT2345678z"
  ],
  "response": "{\"output\":\"Here is the extracted information in JSON format:\\n\\n```\\n[\\n  {\\n    \\\"input\\\": \\\"T-2345678-ZT-2345678-ZG9876543XG9876543XF1234567N\\\",\\n    \\\"id\\\": [\\n      {\\\"id\\\": \\\"T-2345678-Z\\\"},\\n      {\\\"id\\\": \\\"G9876543X\\\"},\\n      {\\\"id\\\": \\\"F1234567N\\\"}\\n    ]\\n  },\\n  {\\n    \\\"input\\\": \\\"T-2345678-ZT-2345678-ZS1234567As-123-4567-as123-4567ag-9876543-x\\\",\\n    \\\"id\\\": [\\n      {\\\"id\\\": \\\"T-2345678-Z\\\"},\\n      {\\\"id\\\": \\\"S1234567A\\\"},\\n      {\\\"id\\\": \\\"g-9876543-x\\\"}\\n    ]\\n  },\\n  {\\n    \\\"input\\\": \\\"s-123-4567-as-123-4567-af1234567nM2345678YM2345678YF-1234567-NF-1234567-N\\\",\\n    \\\"plate\\\": [\\n      {\\\"plate\\\": \\\"s-123-4567-a\\\"},\\n      {\\\"plate\\\": \\\"M2345678Y\\\"},\\n      {\\\"plate\\\": \\\"F-1234567-N\\\"}\\n    ]\\n  },\\n  {\\n    \\\"input\\\": \\\"G-987-6543-XG-987-6543-XF1234567NS1234567A\\\",\\n    \\\"id\\\": [\\n      {\\\"id\\\": \\\"G-987-6543-X\\\"},\\n      {\\\"id\\\": \\\"F1234567N\\\"},\\n      {\\\"id\\\": \\\"S1234567A\\\"}\\n    ]\\n  },\\n  {\\n    \\\"input\\\": \\\"f1234567nf1234567nt2345678Zt2345678ZT2345678z\\\",\\n    \\\"name\\\": [\\n      {\\\"name\\\": \\\"f1234567n\\\"},\\n      {\\\"name\\\": \\\"t2345678Z\\\"},\\n      {\\\"name\\\": \\\"T2345678z\\\"}\\n    ]\\n  }\\n]\\n```\"}",
  "latency": 6.217394828796387,
  "timestamp": 1752046694.3844638
}