{
  "micro_precision": 0.5796460176991151,
  "micro_recall": 0.49433962264150944,
  "micro_f1": 0.5336048879837068,
  "avg_latency_sec": 1.7549988412857056,
  "precision_buckets": {
    "0-29": 4,
    "30-69": 28,
    "70-99": 11,
    "100": 7
  },
  "recall_buckets": {
    "0-29": 9,
    "30-69": 29,
    "70-99": 9,
    "100": 3
  }
}