{
  "micro_precision": 0.5198412698412699,
  "micro_recall": 0.3841642228739003,
  "micro_f1": 0.4418212478920742,
  "avg_latency_sec": 1.8198632576886344,
  "precision_buckets": {
    "0-29": 41,
    "30-69": 24,
    "70-99": 10,
    "100": 15
  },
  "recall_buckets": {
    "0-29": 47,
    "30-69": 17,
    "70-99": 7,
    "100": 19
  }
}