{
  "micro_precision": 0.2900763358778626,
  "micro_recall": 0.3568075117370892,
  "micro_f1": 0.32,
  "avg_latency_sec": 1.3906970641192269,
  "precision_buckets": {
    "0-29": 54,
    "30-69": 27,
    "70-99": 1,
    "100": 8
  },
  "recall_buckets": {
    "0-29": 50,
    "30-69": 24,
    "70-99": 2,
    "100": 14
  }
}