{
  "micro_precision": 0.2894736842105263,
  "micro_recall": 0.2233502538071066,
  "micro_f1": 0.2521489971346705,
  "avg_latency_sec": 1.8736391908982222,
  "precision_buckets": {
    "0-29": 27,
    "30-69": 23,
    "70-99": 1,
    "100": 0
  },
  "recall_buckets": {
    "0-29": 35,
    "30-69": 14,
    "70-99": 1,
    "100": 1
  }
}