{
  "micro_precision": 0.3191489361702128,
  "micro_recall": 0.352112676056338,
  "micro_f1": 0.33482142857142855,
  "avg_latency_sec": 1.4326974223641789,
  "precision_buckets": {
    "0-29": 52,
    "30-69": 24,
    "70-99": 4,
    "100": 10
  },
  "recall_buckets": {
    "0-29": 51,
    "30-69": 20,
    "70-99": 3,
    "100": 16
  }
}