{
  "micro_precision": 0.6103286384976526,
  "micro_recall": 0.49056603773584906,
  "micro_f1": 0.5439330543933055,
  "avg_latency_sec": 1.7705217838287353,
  "precision_buckets": {
    "0-29": 3,
    "30-69": 30,
    "70-99": 11,
    "100": 6
  },
  "recall_buckets": {
    "0-29": 12,
    "30-69": 28,
    "70-99": 8,
    "100": 2
  }
}