{
  "micro_precision": 0.40816326530612246,
  "micro_recall": 0.31746031746031744,
  "micro_f1": 0.35714285714285715,
  "avg_latency_sec": 2.6069952459896313,
  "precision_buckets": {
    "0-29": 54,
    "30-69": 21,
    "70-99": 2,
    "100": 13
  },
  "recall_buckets": {
    "0-29": 59,
    "30-69": 15,
    "70-99": 3,
    "100": 13
  }
}