{
  "micro_precision": 0.34104046242774566,
  "micro_recall": 0.29949238578680204,
  "micro_f1": 0.31891891891891894,
  "avg_latency_sec": 1.941915844001022,
  "precision_buckets": {
    "0-29": 21,
    "30-69": 26,
    "70-99": 2,
    "100": 2
  },
  "recall_buckets": {
    "0-29": 27,
    "30-69": 20,
    "70-99": 0,
    "100": 4
  }
}