{
  "micro_precision": 0.34024896265560167,
  "micro_recall": 0.38497652582159625,
  "micro_f1": 0.36123348017621143,
  "avg_latency_sec": 1.3956841216367835,
  "precision_buckets": {
    "0-29": 53,
    "30-69": 22,
    "70-99": 5,
    "100": 10
  },
  "recall_buckets": {
    "0-29": 49,
    "30-69": 21,
    "70-99": 3,
    "100": 17
  }
}