{
  "micro_precision": 0.3232758620689655,
  "micro_recall": 0.352112676056338,
  "micro_f1": 0.33707865168539325,
  "avg_latency_sec": 1.3426912391886991,
  "precision_buckets": {
    "0-29": 56,
    "30-69": 19,
    "70-99": 1,
    "100": 14
  },
  "recall_buckets": {
    "0-29": 51,
    "30-69": 20,
    "70-99": 3,
    "100": 16
  }
}