{
  "micro_precision": 0.67,
  "micro_recall": 0.5056603773584906,
  "micro_f1": 0.5763440860215054,
  "avg_latency_sec": 1.6663352727890015,
  "precision_buckets": {
    "0-29": 4,
    "30-69": 29,
    "70-99": 8,
    "100": 9
  },
  "recall_buckets": {
    "0-29": 13,
    "30-69": 26,
    "70-99": 8,
    "100": 3
  }
}