{
  "micro_precision": 0.3914590747330961,
  "micro_recall": 0.3492063492063492,
  "micro_f1": 0.36912751677852346,
  "avg_latency_sec": 2.059790824441349,
  "precision_buckets": {
    "0-29": 53,
    "30-69": 21,
    "70-99": 2,
    "100": 14
  },
  "recall_buckets": {
    "0-29": 56,
    "30-69": 16,
    "70-99": 4,
    "100": 14
  }
}