{
  "micro_precision": 0.3588709677419355,
  "micro_recall": 0.41784037558685444,
  "micro_f1": 0.386117136659436,
  "avg_latency_sec": 1.389437717549941,
  "precision_buckets": {
    "0-29": 46,
    "30-69": 29,
    "70-99": 5,
    "100": 10
  },
  "recall_buckets": {
    "0-29": 43,
    "30-69": 25,
    "70-99": 3,
    "100": 19
  }
}