{
  "text_ids": [
    30,
    31,
    32,
    33,
    34
  ],
  "texts": [
    "6117037462974327H",
    ".~659636536881366834H./(65)9554/942393928194H",
    "84231592#656582~4051M#656582~4051M906425789064257885007974O",
    "982745709827457092196789O95666741956667416784959362631591",
    "84231592#656582~4051M#656582~4051M906425789064257885007974O"
  ],
  "response": "{\"output\":\"Here are the extracted entities in JSON format:\\n\\n```\\n[\\n  {\\n    \\\"input\\\": \\\"6117037462974327H\\\",\\n    \\\"id\\\": [{\\\"id\\\": \\\"6117037462974327H\\\"}]\\n  },\\n  {\\n    \\\"input\\\": \\\".~659636536881366834H./(65)9554/942393928194H\\\",\\n    \\\"phone_number\\\": [\\n      {\\\"number\\\": \\\"(65)9554\\\"},\\n      {\\\"number\\\": \\\"942393928194H\\\"}\\n    ]\\n  },\\n  {\\n    \\\"input\\\": \\\"84231592#656582~4051M#656582~4051M906425789064257885007974O\\\",\\n    \\\"phone_number\\\": [\\n      {\\\"number\\\": \\\"#656582~4051M\\\"},\\n      {\\\"number\\\": \\\"#656582~4051M\\\"},\\n      {\\\"number\\\": \\\"906425789064257885007974O\\\"}\\n    ]\\n  },\\n  {\\n    \\\"input\\\": \\\"982745709827457092196789O95666741956667416784959362631591\\\",\\n    \\\"id\\\": [{\\\"id\\\": \\\"982745709827457092196789O\\\"}]\\n  },\\n  {\\n    \\\"input\\\": \\\"84231592#656582~4051M#656582~4051M906425789064257885007974O\\\",\\n    \\\"phone_number\\\": [\\n      {\\\"number\\\": \\\"#656582~4051M\\\"},\\n      {\\\"number\\\": \\\"#656582~4051M\\\"},\\n      {\\\"number\\\": \\\"906425789064257885007974O\\\"}\\n    ]\\n  }\\n]\\n```\"}",
  "latency": 4.9708099365234375,
  "timestamp": 1752046412.105603
}