{
  "micro_precision": 0.573943661971831,
  "micro_recall": 0.4780058651026393,
  "micro_f1": 0.5216000000000001,
  "avg_latency_sec": 1.215675292295568,
  "precision_buckets": {
    "0-29": 34,
    "30-69": 20,
    "70-99": 10,
    "100": 26
  },
  "recall_buckets": {
    "0-29": 37,
    "30-69": 21,
    "70-99": 9,
    "100": 23
  }
}