{
  "micro_precision": 0.3970149253731343,
  "micro_recall": 0.4222222222222222,
  "micro_f1": 0.40923076923076923,
  "avg_latency_sec": 1.5582508395699894,
  "precision_buckets": {
    "0-29": 48,
    "30-69": 26,
    "70-99": 2,
    "100": 14
  },
  "recall_buckets": {
    "0-29": 50,
    "30-69": 17,
    "70-99": 7,
    "100": 16
  }
}