{
  "text_ids": [
    55,
    56,
    57,
    58,
    59
  ],
  "texts": [
    "95666741O608487716749-1047O659476-7824M695495718196-3122",
    "9536-84888006-0310",
    "O(65)95095840(65)8396-0536",
    "658276458960251364+6567384988M",
    "84997208H656321-59486598699177M89808534"
  ],
  "response": "{\"output\":\"Here are the extracted entities in JSON format:\\n\\n```\\n[\\n  {\\n    \\\"input\\\": \\\"95666741O608487716749-1047O659476-7824M695495718196-3122\\\",\\n    \\\"id\\\": [{\\\"id\\\": \\\"95666741O\\\"}],\\n    \\\"plate\\\": [{\\\"plate\\\": \\\"6084877\\\"}],\\n    \\\"phone_number\\\": [{\\\"number\\\": \\\"1047O659476\\\"}],\\n    \\\"date\\\": [{\\\"date\\\": \\\"7824M695495718196\\\"}],\\n    \\\"organisation\\\": [{\\\"name\\\": \\\"3122\\\"}]\\n  },\\n  {\\n    \\\"input\\\": \\\"9536-84888006-0310\\\",\\n    \\\"phone_number\\\": [{\\\"number\\\": \\\"9536-84888006\\\"}]\\n  },\\n  {\\n    \\\"input\\\": \\\"O(65)95095840(65)8396-0536\\\",\\n    \\\"phone_number\\\": [{\\\"number\\\": \\\"(65)95095840\\\"}],\\n    \\\"phone_number\\\": [{\\\"number\\\": \\\"(65)8396-0536\\\"}]\\n  },\\n  {\\n    \\\"input\\\": \\\"658276458960251364+6567384988M\\\",\\n    \\\"phone_number\\\": [{\\\"number\\\": \\\"658276458960251364\\\"}],\\n    \\\"phone_number\\\": [{\\\"number\\\": \\\"6567384988M\\\"}]\\n  },\\n  {\\n    \\\"input\\\": \\\"84997208H656321-59486598699177M89808534\\\",\\n    \\\"phone_number\\\": [{\\\"number\\\": \\\"84997208H\\\"}],\\n    \\\"phone_number\\\": [{\\\"number\\\": \\\"656321-59486598699177\\\"}],\\n    \\\"phone_number\\\": [{\\\"number\\\": \\\"89808534\\\"}]\\n  }\\n]\\n```\"}",
  "latency": 5.328004837036133,
  "timestamp": 1752046117.102504
}