{
  "micro_precision": 0.24022346368715083,
  "micro_recall": 0.20187793427230047,
  "micro_f1": 0.2193877551020408,
  "avg_latency_sec": 1.5361077476950253,
  "precision_buckets": {
    "0-29": 65,
    "30-69": 16,
    "70-99": 1,
    "100": 8
  },
  "recall_buckets": {
    "0-29": 65,
    "30-69": 14,
    "70-99": 1,
    "100": 10
  }
}
