{
  "micro_precision": 0.18932038834951456,
  "micro_recall": 0.2805755395683453,
  "micro_f1": 0.22608695652173913,
  "avg_latency_sec": 2.037394905090332,
  "precision_buckets": {
    "0-29": 34,
    "30-69": 16,
    "70-99": 0,
    "100": 0
  },
  "recall_buckets": {
    "0-29": 28,
    "30-69": 17,
    "70-99": 0,
    "100": 5
  }
}