{
  "micro_precision": 0.234375,
  "micro_recall": 0.2112676056338028,
  "micro_f1": 0.2222222222222222,
  "avg_latency_sec": 1.516991480659036,
  "precision_buckets": {
    "0-29": 67,
    "30-69": 14,
    "70-99": 3,
    "100": 6
  },
  "recall_buckets": {
    "0-29": 64,
    "30-69": 12,
    "70-99": 1,
    "100": 13
  }
}