{
  "micro_precision": 0.5922330097087378,
  "micro_recall": 0.46037735849056605,
  "micro_f1": 0.5180467091295117,
  "avg_latency_sec": 1.7117653894424438,
  "precision_buckets": {
    "0-29": 6,
    "30-69": 29,
    "70-99": 9,
    "100": 6
  },
  "recall_buckets": {
    "0-29": 15,
    "30-69": 22,
    "70-99": 12,
    "100": 1
  }
}