{
  "text_ids": [
    50,
    51,
    52,
    53,
    54
  ],
  "texts": [
    "(65)84890013O656825-0798+(65)64878985M",
    "H+6594343679(65)8110-5398O62635952",
    "M8367608662974327H",
    "6185-34856185-3485O6598363714O6598363714(65)9301-1871",
    "+(65)9305-9982M6749-10478751-8693"
  ],
  "response": "{\"output\":\"Here is the extracted information in JSON format:\\n\\n```\\n[\\n  {\\n    \\\"input\\\": \\\"(65)84890013O656825-0798+(65)64878985M\\\",\\n    \\\"phone_number\\\": [\\n      {\\\"number\\\": \\\"(65)84890013O656825-0798\\\"},\\n      {\\\"number\\\": \\\"(65)64878985M\\\"}\\n    ]\\n  },\\n  {\\n    \\\"input\\\": \\\"H+6594343679(65)8110-5398O62635952\\\",\\n    \\\"phone_number\\\": [\\n      {\\\"number\\\": \\\"(65)8110-5398O62635952\\\"},\\n      {\\\"number\\\": \\\"H+6594343679\\\"}\\n    ]\\n  },\\n  {\\n    \\\"input\\\": \\\"M8367608662974327H\\\",\\n    \\\"id\\\": [{\\\"id\\\": \\\"M8367608662974327H\\\"}]\\n  },\\n  {\\n    \\\"input\\\": \\\"6185-34856185-3485O6598363714O6598363714(65)9301-1871\\\",\\n    \\\"phone_number\\\": [\\n      {\\\"number\\\": \\\"(65)9301-1871\\\"},\\n      {\\\"number\\\": \\\"O6598363714O6598363714\\\"}\\n    ]\\n  },\\n  {\\n    \\\"input\\\": \\\"+(65)9305-9982M6749-10478751-8693\\\",\\n    \\\"phone_number\\\": [\\n      {\\\"number\\\": \\\"+(65)9305-9982\\\"},\\n      {\\\"number\\\": \\\"M6749-10478751-8693\\\"}\\n    ]\\n  }\\n]\\n```\"}",
  "latency": 5.722312927246094,
  "timestamp": 1752052863.508312
}