{
  "micro_precision": 0.2127659574468085,
  "micro_recall": 0.28776978417266186,
  "micro_f1": 0.24464831804281345,
  "avg_latency_sec": 1.9305479860305785,
  "precision_buckets": {
    "0-29": 30,
    "30-69": 19,
    "70-99": 0,
    "100": 1
  },
  "recall_buckets": {
    "0-29": 26,
    "30-69": 19,
    "70-99": 1,
    "100": 4
  }
}