{
  "micro_precision": 0.4045307443365696,
  "micro_recall": 0.3968253968253968,
  "micro_f1": 0.40064102564102566,
  "avg_latency_sec": 1.5001026406007654,
  "precision_buckets": {
    "0-29": 51,
    "30-69": 22,
    "70-99": 2,
    "100": 15
  },
  "recall_buckets": {
    "0-29": 55,
    "30-69": 15,
    "70-99": 6,
    "100": 14
  }
}