{
  "micro_precision": 0.17582417582417584,
  "micro_recall": 0.2302158273381295,
  "micro_f1": 0.19937694704049844,
  "avg_latency_sec": 2.0226314067840576,
  "precision_buckets": {
    "0-29": 36,
    "30-69": 13,
    "70-99": 1,
    "100": 0
  },
  "recall_buckets": {
    "0-29": 31,
    "30-69": 16,
    "70-99": 0,
    "100": 3
  }
}