{
  "micro_precision": 0.6467661691542289,
  "micro_recall": 0.49056603773584906,
  "micro_f1": 0.5579399141630901,
  "avg_latency_sec": 1.654395670890808,
  "precision_buckets": {
    "0-29": 5,
    "30-69": 30,
    "70-99": 8,
    "100": 7
  },
  "recall_buckets": {
    "0-29": 11,
    "30-69": 29,
    "70-99": 8,
    "100": 2
  }
}