{
  "micro_precision": 0.667953667953668,
  "micro_recall": 0.5073313782991202,
  "micro_f1": 0.5766666666666667,
  "avg_latency_sec": 1.3096474254832549,
  "precision_buckets": {
    "0-29": 29,
    "30-69": 18,
    "70-99": 10,
    "100": 33
  },
  "recall_buckets": {
    "0-29": 35,
    "30-69": 20,
    "70-99": 10,
    "100": 25
  }
}