{
  "micro_precision": 0.31297709923664124,
  "micro_recall": 0.38497652582159625,
  "micro_f1": 0.3452631578947369,
  "avg_latency_sec": 1.383231533274931,
  "precision_buckets": {
    "0-29": 50,
    "30-69": 25,
    "70-99": 5,
    "100": 10
  },
  "recall_buckets": {
    "0-29": 46,
    "30-69": 27,
    "70-99": 1,
    "100": 16
  }
}