{
  "micro_precision": 0.6329588014981273,
  "micro_recall": 0.49560117302052786,
  "micro_f1": 0.5559210526315789,
  "avg_latency_sec": 1.4035827440374038,
  "precision_buckets": {
    "0-29": 37,
    "30-69": 20,
    "70-99": 6,
    "100": 27
  },
  "recall_buckets": {
    "0-29": 35,
    "30-69": 19,
    "70-99": 9,
    "100": 27
  }
}