{
  "micro_precision": 0.5933014354066986,
  "micro_recall": 0.4679245283018868,
  "micro_f1": 0.5232067510548524,
  "avg_latency_sec": 1.7263926124572755,
  "precision_buckets": {
    "0-29": 6,
    "30-69": 28,
    "70-99": 11,
    "100": 5
  },
  "recall_buckets": {
    "0-29": 13,
    "30-69": 24,
    "70-99": 12,
    "100": 1
  }
}
