{
  "micro_precision": 0.3141025641025641,
  "micro_recall": 0.24873096446700507,
  "micro_f1": 0.2776203966005666,
  "avg_latency_sec": 1.8621564799664068,
  "precision_buckets": {
    "0-29": 25,
    "30-69": 24,
    "70-99": 2,
    "100": 0
  },
  "recall_buckets": {
    "0-29": 31,
    "30-69": 18,
    "70-99": 1,
    "100": 1
  }
}
