{
  "micro_precision": 0.3176470588235294,
  "micro_recall": 0.27411167512690354,
  "micro_f1": 0.29427792915531337,
  "avg_latency_sec": 2.007024274152868,
  "precision_buckets": {
    "0-29": 26,
    "30-69": 22,
    "70-99": 2,
    "100": 1
  },
  "recall_buckets": {
    "0-29": 28,
    "30-69": 21,
    "70-99": 1,
    "100": 1
  }
}