{
  "micro_precision": 0.19473684210526315,
  "micro_recall": 0.26618705035971224,
  "micro_f1": 0.2249240121580547,
  "avg_latency_sec": 2.077757635116577,
  "precision_buckets": {
    "0-29": 34,
    "30-69": 15,
    "70-99": 1,
    "100": 0
  },
  "recall_buckets": {
    "0-29": 29,
    "30-69": 14,
    "70-99": 0,
    "100": 7
  }
}