{
  "text_ids": [
    75,
    76,
    77,
    78,
    79
  ],
  "texts": [
    "s-123-4567-ag-9876543-xg-9876543-xs123-4567as123-4567aNA",
    "t-234-5678-zt-234-5678-zABCDT-2345678-ZINFOs123-4567aPASSWDg9876543x",
    "NULLT-2345678-Zg9876543xg9876543xG-987-6543-X",
    "s1234567aPASSWDABCDg-9876543-xNULLT2345678zPASSWDf1234567nNULLS1234567A",
    "t2345678Zt2345678ZG9876543XG9876543Xs123-4567as123-4567a"
  ],
  "response": "{\"output\":\"Here is the extracted information in JSON format:\\n\\n```\\n[\\n  {\\n    \\\"input\\\": \\\"s-123-4567-ag-9876543-xg-9876543-xs123-4567as123-4567aNA\\\",\\n    \\\"name\\\": [{\\\"name\\\": \\\"s1234567a\\\"}],\\n    \\\"id\\\": [{\\\"id\\\": \\\"g9876543x\\\"}],\\n    \\\"organisation\\\": [{\\\"name\\\": \\\"xs1234567a\\\"}]\\n  },\\n  {\\n    \\\"input\\\": \\\"t-234-5678-zt-234-5678-zABCDT-2345678-ZINFOs123-4567aPASSWDg9876543x\\\",\\n    \\\"name\\\": [{\\\"name\\\": \\\"t2345678Z\\\"}],\\n    \\\"plate\\\": [{\\\"plate\\\": \\\"t2345678z\\\"}],\\n    \\\"email\\\": [{\\\"email\\\": \\\"INFOs1234567a\\\"}],\\n    \\\"id\\\": [{\\\"id\\\": \\\"g9876543x\\\"}],\\n    \\\"organisation\\\": [{\\\"name\\\": \\\"PASSWD\\\"}]\\n  },\\n  {\\n    \\\"input\\\": \\\"NULLT-2345678-Zg9876543xg9876543xG-987-6543-X\\\",\\n    \\\"plate\\\": [{\\\"plate\\\": \\\"t2345678z\\\"}],\\n    \\\"id\\\": [{\\\"id\\\": \\\"g9876543x\\\"}],\\n    \\\"organisation\\\": [{\\\"name\\\": \\\"G9876543X\\\"}]\\n  },\\n  {\\n    \\\"input\\\": \\\"s1234567aPASSWDABCDg-9876543-xNULLT2345678zPASSWDf1234567nNULLS1234567A\\\",\\n    \\\"name\\\": [{\\\"name\\\": \\\"s1234567a\\\"}],\\n    \\\"id\\\": [{\\\"id\\\": \\\"g-9876543-x\\\"}],\\n    \\\"organisation\\\": [{\\\"name\\\": \\\"PASSWD\\\"}],\\n    \\\"plate\\\": [{\\\"plate\\\": \\\"t2345678z\\\"}],\\n    \\\"email\\\": [{\\\"email\\\": \\\"f1234567n\\\"}]\\n  },\\n  {\\n    \\\"input\\\": \\\"t2345678Zt2345678ZG9876543XG9876543Xs123-4567as123-4567a\\\",\\n    \\\"name\\\": [{\\\"name\\\": \\\"t2345678Z\\\"}],\\n    \\\"plate\\\": [{\\\"plate\\\": \\\"t2345678z\\\"}],\\n    \\\"id\\\": [{\\\"id\\\": \\\"G9876543X\\\"}],\\n    \\\"organisation\\\": [{\\\"name\\\": \\\"s1234567a\\\"}]\\n  }\\n]\\n```\"}",
  "latency": 7.5740509033203125,
  "timestamp": 1752051480.451401
}