{
  "micro_precision": 0.21142857142857144,
  "micro_recall": 0.26618705035971224,
  "micro_f1": 0.23566878980891723,
  "avg_latency_sec": 1.89564208984375,
  "precision_buckets": {
    "0-29": 33,
    "30-69": 17,
    "70-99": 0,
    "100": 0
  },
  "recall_buckets": {
    "0-29": 29,
    "30-69": 16,
    "70-99": 0,
    "100": 5
  }
}