{
  "micro_precision": 0.2567049808429119,
  "micro_recall": 0.3145539906103286,
  "micro_f1": 0.28270042194092826,
  "avg_latency_sec": 1.4199676008785471,
  "precision_buckets": {
    "0-29": 62,
    "30-69": 18,
    "70-99": 5,
    "100": 5
  },
  "recall_buckets": {
    "0-29": 55,
    "30-69": 22,
    "70-99": 1,
    "100": 12
  }
}