{
  "micro_precision": 0.3790849673202614,
  "micro_recall": 0.3682539682539683,
  "micro_f1": 0.37359098228663445,
  "avg_latency_sec": 1.5107541645274443,
  "precision_buckets": {
    "0-29": 49,
    "30-69": 27,
    "70-99": 0,
    "100": 14
  },
  "recall_buckets": {
    "0-29": 56,
    "30-69": 15,
    "70-99": 5,
    "100": 14
  }
}