{
  "text_ids": [
    75,
    76,
    77,
    78,
    79
  ],
  "texts": [
    "s-123-4567-ag-9876543-xg-9876543-xs123-4567as123-4567aNA",
    "t-234-5678-zt-234-5678-zABCDT-2345678-ZINFOs123-4567aPASSWDg9876543x",
    "NULLT-2345678-Zg9876543xg9876543xG-987-6543-X",
    "s1234567aPASSWDABCDg-9876543-xNULLT2345678zPASSWDf1234567nNULLS1234567A",
    "t2345678Zt2345678ZG9876543XG9876543Xs123-4567as123-4567a"
  ],
  "response": "{\"output\":\"Here is the extracted information in JSON format:\\n\\n```\\n[\\n  {\\n    \\\"input\\\": \\\"s-123-4567-ag-9876543-xg-9876543-xs123-4567as123-4567aNA\\\",\\n    \\\"id\\\": [\\n      {\\\"id\\\": \\\"s1234567a\\\"},\\n      {\\\"id\\\": \\\"s1234567a\\\"},\\n      {\\\"id\\\": \\\"NA\\\"}\\n    ]\\n  },\\n  {\\n    \\\"input\\\": \\\"t-234-5678-zt-234-5678-zABCDT-2345678-ZINFOs123-4567aPASSWDg9876543x\\\",\\n    \\\"id\\\": [\\n      {\\\"id\\\": \\\"t2345678Z\\\"},\\n      {\\\"id\\\": \\\"t2345678Z\\\"},\\n      {\\\"id\\\": \\\"INFOs1234567a\\\"},\\n      {\\\"id\\\": \\\"g9876543x\\\"}\\n    ]\\n  },\\n  {\\n    \\\"input\\\": \\\"NULLT-2345678-Zg9876543xg9876543xG-987-6543-X\\\",\\n    \\\"id\\\": [\\n      {\\\"id\\\": \\\"T2345678Z\\\"},\\n      {\\\"id\\\": \\\"g9876543x\\\"},\\n      {\\\"id\\\": \\\"g9876543x\\\"},\\n      {\\\"id\\\": \\\"G9876543X\\\"}\\n    ]\\n  },\\n  {\\n    \\\"input\\\": \\\"s1234567aPASSWDABCDg-9876543-xNULLT2345678zPASSWDf1234567nNULLS1234567A\\\",\\n    \\\"id\\\": [\\n      {\\\"id\\\": \\\"s1234567a\\\"},\\n      {\\\"id\\\": \\\"g-9876543-x\\\"},\\n      {\\\"id\\\": \\\"T2345678z\\\"},\\n      {\\\"id\\\": \\\"f1234567n\\\"},\\n      {\\\"id\\\": \\\"S1234567A\\\"}\\n    ]\\n  },\\n  {\\n    \\\"input\\\": \\\"t2345678Zt2345678ZG9876543XG9876543Xs123-4567as123-4567a\\\",\\n    \\\"id\\\": [\\n      {\\\"id\\\": \\\"t2345678Z\\\"},\\n      {\\\"id\\\": \\\"t2345678Z\\\"},\\n      {\\\"id\\\": \\\"G9876543X\\\"},\\n      {\\\"id\\\": \\\"G9876543X\\\"},\\n      {\\\"id\\\": \\\"s123-4567a\\\"},\\n      {\\\"id\\\": \\\"s123-4567a\\\"}\\n    ]\\n  }\\n]\\n```\"}",
  "latency": 7.374231815338135,
  "timestamp": 1752046952.247366
}