{
  "micro_precision": 0.5491525423728814,
  "micro_recall": 0.4750733137829912,
  "micro_f1": 0.5094339622641509,
  "avg_latency_sec": 1.2795275604023653,
  "precision_buckets": {
    "0-29": 33,
    "30-69": 28,
    "70-99": 9,
    "100": 20
  },
  "recall_buckets": {
    "0-29": 40,
    "30-69": 18,
    "70-99": 10,
    "100": 22
  }
}