{
  "micro_precision": 0.2834008097165992,
  "micro_recall": 0.3286384976525822,
  "micro_f1": 0.30434782608695654,
  "avg_latency_sec": 1.4628267708946676,
  "precision_buckets": {
    "0-29": 59,
    "30-69": 19,
    "70-99": 5,
    "100": 7
  },
  "recall_buckets": {
    "0-29": 53,
    "30-69": 21,
    "70-99": 2,
    "100": 14
  }
}